keyword,velocity,engagement_rate,phase
lifestyle,0.5000000000000003,0.021933726257047162,Emerging
minivlog,0.5000000000000002,0.0508033343844761,Growing
vlog,2.5000000000000044,0.041693804807884684,Growing
vlogs neetu bisht,-10.0,0.019767248973599823,Decaying
